12,0.2003308806895595,0.1052796867257046,0.5271150966492618
22,0.17379887464770283,0.09021353484739743,0.36026014624441155
1,0.15705394892723534,0.06284075141648646,0.4534018814412134
13,0.2043427029389593,0.10684012215502489,0.5214338380837501
6,0.12415830858520197,0.05564006139588903,0.45897626079156995
16,0.20158944221527642,0.10517924341474526,0.4627185615847725
3,0.09530915474024947,0.04225335451485866,0.44460674929663424
20,0.21012124260329906,0.11101782164168142,0.3614598851085803
5,0.1062469754663793,0.04555869531769309,0.45340490668268946
19,0.2313886952533226,0.12308971790733972,0.3801016212819065
15,0.18626378653419542,0.09756166631000504,0.48331033089319864
9,0.2173088588270131,0.11047125885726407,0.5181881326438498
17,0.2242089189377047,0.11625210915144264,0.4244487340417989
4,0.09115821721268969,0.04137983686828885,0.45149689124531206
8,0.19263959853345566,0.09707759645404956,0.48790873611424446
23,0.15285426081094536,0.08399694513223492,0.41632162261714817
7,0.1588472835650036,0.07770851307146569,0.4770201906698937
10,0.21257893431071456,0.11046774510000741,0.5266742406651839
21,0.19198752705585995,0.09843154792915136,0.3479296031533626
11,0.20514982432222942,0.1060224298864571,0.5255421895368726
14,0.19553072808244895,0.10235198893519143,0.506361143873788
2,0.11582297245854309,0.04925655053770592,0.4520525853138993
0,0.2625243690791014,0.08711957553584385,0.4419939637446132
18,0.23002665994448515,0.12187277419107861,0.398382661371727
