0: jdbc:hive2://localhost:10000> USE smartmeter;
0: jdbc:hive2://localhost:10000> 
0: jdbc:hive2://localhost:10000> -- Consumption by ACORN group
0: jdbc:hive2://localhost:10000> SELECT acorn_group, AVG(energy) as avg_consumpt ion, SUM(energy) as total_consumption
. . . . . . . . . . . . . . . .> FROM features
. . . . . . . . . . . . . . . .> GROUP BY acorn_group
. . . . . . . . . . . . . . . .> ORDER BY avg_consumption DESC;
acorn_group,avg_consumption,total_consumption
ACORN-U,0.4013499214478926,23711.35200922005
Comfortable,0.21905797280826575,569546.5672000076
Affluent,0.21043507751625512,1126562.7144377292
Adversity,0.1781276109536492,707311.6113613036
0: jdbc:hive2://localhost:10000> 
0: jdbc:hive2://localhost:10000> -- Peak-hour profiles
0: jdbc:hive2://localhost:10000> SELECT hour_of_day, AVG(energy) as avg_energy
. . . . . . . . . . . . . . . .> FROM features
. . . . . . . . . . . . . . . .> GROUP BY hour_of_day
. . . . . . . . . . . . . . . .> ORDER BY hour_of_day;
hour_of_day,avg_energy
0,0.16697135340133265
1,0.13760511074993403
2,0.11475794898526001
3,0.10560243456631348
4,0.10532056658443756
5,0.11949762592827468
6,0.145825316522472
7,0.1773783273956051
8,0.20000149523962263
9,0.20872206778273109
10,0.20736111996488518
11,0.20581439887569333
12,0.2068079429005119
13,0.2039780692947026
14,0.1999708192911658
15,0.20539340922461455
16,0.22862379216250925
17,0.2674717016504547
18,0.29996512551139803
19,0.31125049693624973
20,0.3046772017515985
21,0.2892176482289671
22,0.25140267839230634
23,0.1966157025972098
0: jdbc:hive2://localhost:10000> 
0: jdbc:hive2://localhost:10000> -- Std vs ToU
0: jdbc:hive2://localhost:10000> SELECT tariff, hour_of_day, AVG(energy) as avg_ energy
. . . . . . . . . . . . . . . .> FROM features
. . . . . . . . . . . . . . . .> GROUP BY tariff, hour_of_day
. . . . . . . . . . . . . . . .> ORDER BY tariff, hour_of_day;
tariff,hour_of_day,avg_energy
Std,0,0.1696126966111829
Std,1,0.14099053020646332
Std,2,0.1166246046501911
Std,3,0.10715721077265355
Std,4,0.10556316861800588
Std,5,0.11892164591904826
Std,6,0.14584505885987772
Std,7,0.17614645701434395
Std,8,0.19804231261375294
Std,9,0.20687518385794273
Std,10,0.20644641727916035
Std,11,0.20544769853118133
Std,12,0.20620795344554105
Std,13,0.203471829735291
Std,14,0.1997637859955286
Std,15,0.2057178644429207
Std,16,0.23008959610864907
Std,17,0.2684425958585759
Std,18,0.3001290320605003
Std,19,0.3127728253693634
Std,20,0.306110901552196
Std,21,0.2890243670812339
Std,22,0.24887632205402355
Std,23,0.19386795031155907
ToU,0,0.15419286728197593
ToU,1,0.1212285902669121
ToU,2,0.10572763663100417
ToU,3,0.09808090950698044
ToU,4,0.1041469326561394
ToU,5,0.12228406789025308
ToU,6,0.14572980763785517
ToU,7,0.18333753009329698
ToU,8,0.20947849138479582
ToU,9,0.21765481515463672
ToU,10,0.21178504712861285
ToU,11,0.20758801190947684
ToU,12,0.2097102517216856
ToU,13,0.20642672366091203
ToU,14,0.20097218011998708
ToU,15,0.2038241685355364
ToU,16,0.22153366448214784
ToU,17,0.26277550762060015
ToU,18,0.2991723437973798
ToU,19,0.303887561145966
ToU,20,0.2977426169006571
ToU,21,0.29015265981048916
ToU,22,0.26362477509296217
ToU,23,0.20990748399338957
0: jdbc:hive2://localhost:10000> 